{"1node": {"peak_Tps": 235.88018350640078}, "2node": {"peak_Tps": 224.4330506689612}, "3node": {"peak_Tps": 216.14616845121878}, "4node": {"peak_Tps": 205.25935149768603}}