1node,2node,3node,4node
235.88018350640078,224.4330506689612,216.14616845121878,205.25935149768603
