{"1node": {"alltps": [1.0789504106350287, 41.52155061577497, 106.57444278920161, 140.72435762325225, 162.11944226550588, 176.5706519908965, 187.00659202666105, 187.73919358928026, 194.6035628124894, 200.02987662159316, 204.21458073523445, 208.32399959299113, 211.95508038877145, 210.5954121077543, 213.37518511276616, 215.76759585942574, 217.9534484987144, 220.0012964358925, 221.44184035567875, 219.73919626012392, 220.91288012854537, 222.17945083978194, 223.3999450128572, 224.51539833304608, 225.5316180610429, 226.50731385566655, 225.0217443333423, 225.91383873875827, 226.83025149035188, 227.57048142389306, 228.30955820835248, 228.8471748564441, 229.32458985645107, 227.89703484364284, 228.50023562823273, 229.13473717015987, 229.75743430385705, 230.2865429518757, 230.71938169507132, 231.43077354571793, 230.28390532468114, 230.87470889353042, 231.3069898671201, 231.604575387173, 231.97034436102987, 232.1828044891982, 232.58204963741414, 231.5999617386387, 232.03341805885918, 232.4330367327336, 232.77842521991292, 233.14871454969997, 233.4474291101494, 232.54283632840085, 232.8320386080807, 233.1277719434057, 233.43108433015152, 233.80366448707488, 234.1685098301319, 233.20000313084205, 233.49496177254613, 233.8431030597503, 234.13324641684403, 234.31398707861615, 234.54977367132759, 234.75696865251956, 233.96669254357343, 234.31081167728044, 234.5157187005893, 234.7152676055572, 234.97620595049585, 235.23914220570524, 234.50206526712333, 234.80444822192962, 235.0413437067605, 235.22457354850062, 235.38039942989812, 235.5763217886247, 234.847778801104, 235.1017174385151, 235.22755230484097, 235.4409308441287, 235.661090803998, 235.88018350640078, 234.89946509354368, 232.38356943401965, 229.92700473663515, 227.5227793895627, 224.40452534596585, 222.11320896943144, 219.86858994437154, 217.668417375325, 214.81188243394783, 212.7108631073784, 210.6511034479695]}, "2node": {"alltps": [1.0786727697858218, 42.937691804749896, 94.29679987648073, 112.96926151467986, 151.7224038198884, 165.09868090215573, 176.22707700965827, 182.94564846126008, 187.13729724791008, 196.83307413903822, 193.4729519160761, 197.10526935748615, 194.54583278867022, 191.0575107943566, 198.55619399594713, 196.10814732972653, 200.5476084971502, 206.28856397838177, 202.6129581320165, 194.89822431591074, 204.02771175765284, 211.37685857404034, 206.1533253499733, 201.94569792385994, 207.78071291275205, 211.49287824575882, 208.64065940536318, 207.23111035577827, 211.32297380514103, 214.39058141156454, 212.66993713093433, 211.2761393360747, 213.8389121842219, 216.7237477554603, 214.24303167218693, 214.88274083561546, 215.62330301759096, 211.02223233471943, 215.8816537199243, 220.418543355257, 217.8894867394915, 214.74515860176862, 217.2054972981064, 217.62655203120408, 217.58574189697845, 217.7578529110182, 217.84918295860166, 216.8436974578644, 219.21919897960933, 221.15643622553017, 219.5856411090928, 218.66728118312005, 219.75883293048778, 218.99387478529883, 220.0945373772815, 221.45141374545923, 220.35530159916797, 218.1348067349988, 220.85663556525807, 223.44481888909667, 221.87605683408503, 218.50285030493725, 221.52784421412937, 223.19123232965504, 221.72252720703483, 219.66071556362576, 222.0552109453126, 222.34930644667585, 222.49775097800568, 222.77638750912726, 222.6640780184819, 221.94214034218655, 222.50740351226128, 222.7668772925593, 222.58743615437453, 223.70632952075562, 223.15079470925653, 222.38956534209453, 222.5920891541831, 224.4330506689612, 223.42127964687478, 222.39814736566944, 223.13313123766028, 221.7149037889826, 223.48261291956516, 222.9139568389767, 223.79969296055958, 223.78172073587228, 223.69627715258758, 222.14934523411628, 220.6359647114612, 216.98535331599393, 214.84231355345034, 212.74081154747225, 210.0085676027004, 209.31715774506202, 206.03181442076402, 205.36773746966693, 202.82314816311484, 200.33945930061577]}, "3node": {"alltps": [0.8094082559343665, 0.4623034393780864, 101.33613794937021, 77.60203381995221, 120.81271154722495, 163.82846222029815, 149.07794964155482, 155.6358678780994, 178.0581733314017, 166.52417940657512, 172.5660969996365, 188.27361174006833, 178.45398527782007, 180.94970590990914, 194.64608776921327, 185.86115738008053, 188.05503439356343, 198.85433765266916, 189.02677371478688, 191.41573471417607, 201.57276066570913, 195.2439813620275, 195.99075713462946, 203.45407594875826, 197.25696656342524, 198.34813637030447, 205.3908995312611, 200.30454980687838, 200.64987210523066, 207.09138184962586, 201.90714880210763, 202.07090706757597, 209.06018501117757, 203.33013505196257, 204.3769361825258, 209.46683526013658, 204.17469637725785, 205.90158828684747, 210.95613063727535, 207.12145040925463, 207.49402439091554, 211.61453406474547, 208.10880391767847, 208.23424664186953, 212.42765068079072, 208.91930247766106, 208.9734463797483, 213.01746851725582, 209.74520496421837, 209.96409408374026, 213.76342062009795, 210.8094771385249, 210.4831708083861, 213.77354576702788, 210.86835406680024, 210.72851671807092, 213.81405182278175, 210.34054969651035, 211.23171042052988, 214.41852656358404, 211.93377315759906, 211.60957460816476, 214.7073875159488, 211.52086191212422, 212.34216483931976, 214.62616298266605, 211.61663706396013, 212.95808338688113, 214.84062962372658, 212.48564734665325, 212.7941515622004, 215.52635242189922, 213.4288280212687, 213.23666950292565, 215.54066005117798, 213.46163402764063, 213.4548228966056, 215.46041697196628, 212.9109645412693, 213.56684020905004, 215.9759739513036, 213.77107281139828, 213.811359606303, 215.98001782332997, 213.6056001864448, 214.12379282945716, 215.98649586820596, 214.23314779391043, 214.39158460588095, 216.14616845121878, 214.3380334459374, 215.1112785719866, 214.9338008654947, 212.80435611142153, 210.07289208747682, 208.06365818191938, 206.0918205582045, 204.1577269411381, 201.64223840576997, 199.7899108468283, 197.97181009935068, 195.60527826416063, 193.86247769584256]},