{"1instance": {"peak_Tps": 235.88018350640078}, "2instance": {"peak_Tps": 213.81932094988645}, "3instance": {"peak_Tps": 210.36875039238333}}