1instance,2instance,3instance
235.88018350640078,213.81932094988645,210.36875039238333
