{"1instance": {"alltps": [1.0789504106350287, 41.52155061577497, 106.57444278920161, 140.72435762325225, 162.11944226550588, 176.5706519908965, 187.00659202666105, 187.73919358928026, 194.6035628124894, 200.02987662159316, 204.21458073523445, 208.32399959299113, 211.95508038877145, 210.5954121077543, 213.37518511276616, 215.76759585942574, 217.9534484987144, 220.0012964358925, 221.44184035567875, 219.73919626012392, 220.91288012854537, 222.17945083978194, 223.3999450128572, 224.51539833304608, 225.5316180610429, 226.50731385566655, 225.0217443333423, 225.91383873875827, 226.83025149035188, 227.57048142389306, 228.30955820835248, 228.8471748564441, 229.32458985645107, 227.89703484364284, 228.50023562823273, 229.13473717015987, 229.75743430385705, 230.2865429518757, 230.71938169507132, 231.43077354571793, 230.28390532468114, 230.87470889353042, 231.3069898671201, 231.604575387173, 231.97034436102987, 232.1828044891982, 232.58204963741414, 231.5999617386387, 232.03341805885918, 232.4330367327336, 232.77842521991292, 233.14871454969997, 233.4474291101494, 232.54283632840085, 232.8320386080807, 233.1277719434057, 233.43108433015152, 233.80366448707488, 234.1685098301319, 233.20000313084205, 233.49496177254613, 233.8431030597503, 234.13324641684403, 234.31398707861615, 234.54977367132759, 234.75696865251956, 233.96669254357343, 234.31081167728044, 234.5157187005893, 234.7152676055572, 234.97620595049585, 235.23914220570524, 234.50206526712333, 234.80444822192962, 235.0413437067605, 235.22457354850062, 235.38039942989812, 235.5763217886247, 234.847778801104, 235.1017174385151, 235.22755230484097, 235.4409308441287, 235.661090803998, 235.88018350640078, 234.89946509354368, 232.38356943401965, 229.92700473663515, 227.5227793895627, 224.40452534596585, 222.11320896943144, 219.86858994437154, 217.668417375325, 214.81188243394783, 212.7108631073784, 210.6511034479695]}, "2instance": {"alltps": [0.2522718030078907, 143.57865005129457, 158.09879106298075, 166.2390323134152, 173.91464182496082, 180.39211574708247, 183.2856126834744, 187.66961957665964, 190.0017659868635, 193.3599350902634, 191.52986369021875, 194.00735636856714, 195.85317371307812, 198.1009971636296, 199.22233572343126, 201.02108670473737, 199.59421347819716, 201.1247790305506, 202.20799114709155, 203.3934361339074, 204.65843992620134, 205.9001327170877, 206.3817149076272, 207.63200172528028, 205.81010293011482, 208.6381690615517, 207.04358457631616, 208.3306768845139, 208.6394880441071, 209.40130069312434, 209.93921653836455, 210.38873433536426, 210.38762492476155, 211.21725516719837, 209.85310666032365, 211.51306568600023, 209.949390116874, 210.40106380061388, 210.53313225321247, 210.91596585302761, 210.85483107482204, 211.21413393975052, 209.939383875424, 212.0608544291993, 211.86607809979003, 212.1429567006306, 211.16695322916377, 211.67226081336133, 211.87101171563467, 212.16848018593012, 212.37686700661806, 212.86710028108592, 212.78287159594436, 213.1445061174596, 213.2993359989196, 213.67327254349655, 212.67471838775165, 212.88634673206147, 213.0530493640937, 213.31143895850474, 213.5210725113508, 213.61457203261529, 212.54689226859801, 213.59976889567974, 212.54825556528385, 212.6907432877562, 212.79992305716272, 213.1364659605948, 213.2769412488084, 213.42372230480865, 212.72526114586424, 212.9222388270733, 212.934134403596, 213.14820922469997, 213.27436163695816, 213.46607318240615, 212.71956609054843, 212.947227193525, 213.0791967700013, 213.38321647614598, 213.37686562750673, 213.56462748852076, 213.5390526765184, 213.70783912373918, 212.97236863142783, 213.14216379729814, 213.32992324528323, 213.5258473378674, 213.58738571043918, 213.81932094988645, 212.89168141152493, 210.15081662323632, 201.7756475638957, 199.91872200554312, 192.32519859548398, 190.63714804627244, 183.210731480918, 181.6779968706665, 175.38597199230603, 173.98173977126766, 172.15023962362227]}, "3instance": {"alltps": [1.6274696302365412, 53.82267615065232, 154.9389609226006, 152.4583097900407, 121.22322072116256, 161.82255553971115, 157.0528485689534, 138.54119704282948, 181.52521058112663, 183.45509947751293, 174.4723110824845, 184.85966002159608, 189.87566879269855, 178.90017655580525, 192.0103188334979, 195.19537536346584, 186.4890421683742, 196.53174865958337, 196.7503612120326, 191.25312150759535, 195.86662652344256, 198.15021310356522, 191.22331869165413, 199.21654280158043, 201.4868527555247, 194.9690876817024, 200.97351051245516, 200.94101957178773, 196.67599444495173, 202.81680714299804, 198.85779397224275, 193.05916916244237, 203.04800305678393, 204.84678567352597, 199.31703683128404, 204.24407061843755, 203.9393279836769, 201.19383244195086, 204.04858705647445, 205.5242956949919, 201.1486223350731, 205.18434931765307, 206.44830253056602, 202.70129893551612, 206.6835330996682, 206.4031540645228, 202.74373069490724, 206.22046607580415, 207.27732912601292, 203.7383497973977, 207.1771858861179, 205.88538673878827, 202.19215276241562, 208.15765044350638, 208.04987595599636, 204.9849044686824, 208.19940685589958, 209.34584586794605, 206.1887415899346, 208.99938927145504, 208.7004436552387, 206.90796663936288, 208.6288082426612, 209.58371666708558, 206.82846737589418, 209.22544496178787, 209.9857202921556, 207.49820824489646, 209.86535323732735, 207.90683820160882, 205.184449085341, 209.20081964750676, 209.8174707039339, 207.63979582441286, 209.80912435243482, 210.36875039238333, 208.05264219051483, 210.15030664650695, 208.3090083778227, 205.85955133367716, 209.67891457825388, 208.91060899129906, 206.56117240162004, 210.16605497792276, 209.84023106767538, 208.53180846526618, 209.59452037356235, 210.27510880020426, 208.153364823903, 209.88757103717396, 210.30218792789054, 208.42054190996882, 210.12832837212406, 210.0139899710196, 208.1807004580993, 209.36397218021696, 207.26699104811388, 205.31915048816958, 203.40593335504656, 200.9165879214211, 199.08331822659065, 197.2839031581883, 195.51593227380855, 193.78063056642335, 191.52117042242938, 189.85621593591574]}}