{"10periodo": {"alltps": [196.18374704033366, 214.80800193434786, 222.28327378346108, 226.92626039125545, 229.50232164742656, 230.9992830316618, 232.3858520291749, 233.22557229431695, 221.8989015794383, 200.10452776807568, 181.9057368689172, 166.7455177855493, 153.91499227065478, 142.91877726504822, 133.3876195233394, 125.04543574376014, 117.6907806046415, 111.15392775857983, 105.30543960422256]}, "1periodo": {"alltps": [1.0711505152917074, 43.78693228968991, 104.74159194621662, 138.7694445452632, 159.98967716280885, 174.4361060661528, 177.07178121235233, 185.12784165030845, 191.61954131931827, 196.8403085225091, 201.54996222499267, 205.0563871164266, 208.11308494252515, 206.1598898740919, 208.7026786012507, 210.8549268746633, 213.22594141948952, 215.11658835285158, 216.41946168783485, 214.62073183750616, 216.47707625370776, 218.06628033163898, 219.43711816069109, 220.62831935572092, 222.00822138504753, 220.56902005512208, 221.7016405735164, 222.61692102683526, 223.67758528712804, 224.4406174005733, 225.26141559190341, 225.85765357002617, 224.45992179525956, 225.1018701499495, 226.00306856690273, 226.3103007057996, 226.91991781452958, 227.3947005775533, 227.72332407161448, 226.39116693504974, 226.86904020266633, 227.33873059951827, 227.85566217613135, 228.41149622773426, 228.83188617326013, 227.7352789412424, 228.07800945393652, 228.44934899252672, 228.90833130229095, 229.4644614557897, 229.88754529183154, 230.21457089129396, 229.2703993632807, 229.63878902543874, 230.0628397943514, 230.46983139299752, 230.8520463638299, 231.1384579322347, 230.31772950105577, 230.5732339941649, 230.90265890645597, 231.22411974004493, 231.52861133075317, 231.79991098463725, 230.9202575681289, 231.08192110152697, 231.32606963711763, 231.5301041028203, 231.78991510865143, 231.9873054736176, 231.21175353416547, 231.3941144505655, 231.5199409018402, 231.81828031605846, 232.02831622154517, 232.2878602658524, 231.58787436571814, 231.7211933789333, 231.91846420558184, 232.1200181161083, 232.27187021219785, 232.39078560412494, 231.7221589755282, 231.89537484601306, 232.06889442521134, 232.0904239867846, 229.85939120446395, 227.45871119688988, 224.3450174707453, 222.05680457879822, 219.8139089011149, 217.61643529899007, 214.76474216051767, 212.6678118512645, 210.60959469790726, 208.59012227709766, 205.96617535689896]}, "2periodo": {"alltps": [0.467836402421301, 80.80015166433854, 128.7551347917744, 157.5204309352885, 175.72221957078074, 183.63600199409697, 192.88132487830794, 199.73218414522088, 202.21717833296947, 206.85052161146356, 207.91774023962648, 211.06959726081368, 214.18249426768514, 214.7232949454569, 217.03355000577545, 219.03659711378884, 218.9877927495736, 220.72159302316865, 222.40574216372266, 222.25940877945544, 223.54019150379665, 224.55872516360213, 224.33516179734755, 225.38071674259982, 225.13822443616934, 226.03899417473562, 226.9415407709762, 226.53929906862794, 227.47164025517918, 228.13016874754004, 227.81191647573772, 228.54921804011894, 228.9828405496136, 228.69728235971516, 229.32906149294237, 229.71742332360085, 229.37069032748565, 230.04315367463514, 230.59368641294995, 230.15471861777942, 230.69262192919476, 231.06737249275704, 230.79812839308556, 227.2726506030327, 221.89558280734335, 217.48508913877856, 212.5611182788143, 208.51089338337883, 203.98084291104837, 200.24797963511094, 196.0661241657087, 192.05669734298556, 188.74631159071677, 185.02753648499882]}, "3periodo": {"alltps": [0.32792564165395194, 90.71187699625689, 140.9317756848121, 159.75085080962404, 176.77071129112554, 185.61328942741554, 194.55808307196568, 198.19003038111043, 203.12322057834973, 205.4146167412534, 209.28624947152466, 210.79890811576317, 213.45916930909274, 214.367114699166, 216.42716848724493, 217.2726484335514, 218.95264862146925, 219.33274976656472, 220.64787616191649, 221.17600868384932, 222.20764056819118, 222.27143678295053, 223.35133162857997, 223.46845110343872, 224.19742712381756, 224.41450945489052, 225.1772344679283, 225.3664336270066, 225.45269595881697, 222.2603046558762, 214.93956942765587, 208.14571060490005, 201.77145144613783, 196.35672710116182, 190.67382673464013, 185.31093604465207, 180.2403954400673, 175.4406246388752, 170.89059647356265, 166.5688066169483]}, "4periodo": {"alltps": [134.68818219346292, 182.44123908525694, 203.93248369046623, 211.7079291693485, 216.152811476999, 218.83141944353602, 221.33120083246385, 224.4815682990501, 225.33428270189194, 226.4827103009273, 227.31011620851237, 229.04032604604578, 229.24804654065267, 229.35630224671732, 229.74875738774418, 229.8186818968101, 230.7597597629451, 230.76020588529929, 230.29968607625233, 230.4984490679578, 230.58660488288146, 227.05111727436815, 217.0709259522068, 208.16505694314537, 199.95869333872392, 191.8138941871688, 184.82894925326482, 178.33168624405621, 172.26984771316603, 166.60889014914022, 161.30632448537577, 155.96677786133276]}, "5periodo": {"alltps": [114.06582410452828, 176.15301100969089, 196.45631368776043, 206.10436435049954, 212.25569208135929, 216.35682666096724, 219.37429575072818, 221.88788930058925, 223.5962561789263, 225.30286586371278, 226.69987117352036, 227.5973560406597, 228.504478688395, 229.27760610088555, 229.8563120204817, 230.48034451378084, 231.07360444618763, 221.56651912294913, 210.25131225161127, 200.04383618662146, 190.23439919553172, 181.8373235902717, 173.6922815598931, 166.66945903494442, 159.80667606981754, 153.84341989297724, 147.97988134793172, 142.85163032101516]}}