10periodo,1periodo,2periodo,3periodo,4periodo,5periodo
233.22557229431695,235.88018350640078,231.06737249275704,225.45269595881697,230.76020588529929,231.07360444618763
