{"10periodo": {"peak_Tps": 233.22557229431695}, "1periodo": {"peak_Tps": 235.88018350640078}, "2periodo": {"peak_Tps": 231.06737249275704}, "3periodo": {"peak_Tps": 225.45269595881697}, "4periodo": {"peak_Tps": 230.76020588529929}, "5periodo": {"peak_Tps": 231.07360444618763}}