{"10periodo": {"alltps": [196.18374704033366, 214.80800193434786, 222.28327378346108, 226.92626039125545, 229.50232164742656, 230.9992830316618, 232.3858520291749, 233.22557229431695, 221.8989015794383, 200.10452776807568, 181.9057368689172, 166.7455177855493, 153.91499227065478, 142.91877726504822, 133.3876195233394, 125.04543574376014, 117.6907806046415, 111.15392775857983, 105.30543960422256]}, "1periodo": {"alltps": [1.0789504106350287, 41.52155061577497, 106.57444278920161, 140.72435762325225, 162.11944226550588, 176.5706519908965, 187.00659202666105, 187.73919358928026, 194.6035628124894, 200.02987662159316, 204.21458073523445, 208.32399959299113, 211.95508038877145, 210.5954121077543, 213.37518511276616, 215.76759585942574, 217.9534484987144, 220.0012964358925, 221.44184035567875, 219.73919626012392, 220.91288012854537, 222.17945083978194, 223.3999450128572, 224.51539833304608, 225.5316180610429, 226.50731385566655, 225.0217443333423, 225.91383873875827, 226.83025149035188, 227.57048142389306, 228.30955820835248, 228.8471748564441, 229.32458985645107, 227.89703484364284, 228.50023562823273, 229.13473717015987, 229.75743430385705, 230.2865429518757, 230.71938169507132, 231.43077354571793, 230.28390532468114, 230.87470889353042, 231.3069898671201, 231.604575387173, 231.97034436102987, 232.1828044891982, 232.58204963741414, 231.5999617386387, 232.03341805885918, 232.4330367327336, 232.77842521991292, 233.14871454969997, 233.4474291101494, 232.54283632840085, 232.8320386080807, 233.1277719434057, 233.43108433015152, 233.80366448707488, 234.1685098301319, 233.20000313084205, 233.49496177254613, 233.8431030597503, 234.13324641684403, 234.31398707861615, 234.54977367132759, 234.75696865251956, 233.96669254357343, 234.31081167728044, 234.5157187005893, 234.7152676055572, 234.97620595049585, 235.23914220570524, 234.50206526712333, 234.80444822192962, 235.0413437067605, 235.22457354850062, 235.38039942989812, 235.5763217886247, 234.847778801104, 235.1017174385151, 235.22755230484097, 235.4409308441287, 235.661090803998, 235.88018350640078, 234.89946509354368, 232.38356943401965, 229.92700473663515, 227.5227793895627, 224.40452534596585, 222.11320896943144, 219.86858994437154, 217.668417375325, 214.81188243394783, 212.7108631073784, 210.6511034479695]}, "2periodo": {"alltps": [0.467836402421301, 80.80015166433854, 128.7551347917744, 157.5204309352885, 175.72221957078074, 183.63600199409697, 192.88132487830794, 199.73218414522088, 202.21717833296947, 206.85052161146356, 207.91774023962648, 211.06959726081368, 214.18249426768514, 214.7232949454569, 217.03355000577545, 219.03659711378884, 218.9877927495736, 220.72159302316865, 222.40574216372266, 222.25940877945544, 223.54019150379665, 224.55872516360213, 224.33516179734755, 225.38071674259982, 225.13822443616934, 226.03899417473562, 226.9415407709762, 226.53929906862794, 227.47164025517918, 228.13016874754004, 227.81191647573772, 228.54921804011894, 228.9828405496136, 228.69728235971516, 229.32906149294237, 229.71742332360085, 229.37069032748565, 230.04315367463514, 230.59368641294995, 230.15471861777942, 230.69262192919476, 231.06737249275704, 230.79812839308556, 227.2726506030327, 221.89558280734335, 217.48508913877856, 212.5611182788143, 208.51089338337883, 203.98084291104837, 200.24797963511094, 196.0661241657087, 192.05669734298556, 188.74631159071677, 185.02753648499882]}, "3periodo": {"alltps": [0.32792564165395194, 90.71187699625689, 140.9317756848121, 159.75085080962404, 176.77071129112554, 185.61328942741554, 194.55808307196568, 198.19003038111043, 203.12322057834973, 205.4146167412534, 209.28624947152466, 210.79890811576317, 213.45916930909274, 214.367114699166, 216.42716848724493, 217.2726484335514, 218.95264862146925, 219.33274976656472, 220.64787616191649, 221.17600868384932, 222.20764056819118, 222.27143678295053, 223.35133162857997, 223.46845110343872, 224.19742712381756, 224.41450945489052, 225.1772344679283, 225.3664336270066, 225.45269595881697, 222.2603046558762, 214.93956942765587, 208.14571060490005, 201.77145144613783, 196.35672710116182, 190.67382673464013, 185.31093604465207, 180.2403954400673, 175.4406246388752, 170.89059647356265, 166.5688066169483]}, "4periodo": {"alltps": [134.68818219346292, 182.44123908525694, 203.93248369046623, 211.7079291693485, 216.152811476999, 218.83141944353602, 221.33120083246385, 224.4815682990501, 225.33428270189194, 226.4827103009273, 227.31011620851237, 229.04032604604578, 229.24804654065267, 229.35630224671732, 229.74875738774418, 229.8186818968101, 230.7597597629451, 230.76020588529929, 230.29968607625233, 230.4984490679578, 230.58660488288146, 227.05111727436815, 217.0709259522068, 208.16505694314537, 199.95869333872392, 191.8138941871688, 184.82894925326482, 178.33168624405621, 172.26984771316603, 166.60889014914022, 161.30632448537577, 155.96677786133276]}, "5periodo": {"alltps": [114.06582410452828, 176.15301100969089, 196.45631368776043, 206.10436435049954, 212.25569208135929, 216.35682666096724, 219.37429575072818, 221.88788930058925, 223.5962561789263, 225.30286586371278, 226.69987117352036, 227.5973560406597, 228.504478688395, 229.27760610088555, 229.8563120204817, 230.48034451378084, 231.07360444618763, 221.56651912294913, 210.25131225161127, 200.04383618662146, 190.23439919553172, 181.8373235902717, 173.6922815598931, 166.66945903494442, 159.80667606981754, 153.84341989297724, 147.97988134793172, 142.85163032101516]}}