{"1threads": {"peak_Tps": 235.88018350640078}, "2threads": {"peak_Tps": 233.07668157906699}, "3threads": {"peak_Tps": 233.66458561085764}, "4threads": {"peak_Tps": 232.38825288804895}}