1threads,2threads,3threads,4threads
235.88018350640078,233.07668157906699,233.66458561085764,232.38825288804895
