{"1threads": {"alltps": [1.0789504106350287, 41.52155061577497, 106.57444278920161, 140.72435762325225, 162.11944226550588, 176.5706519908965, 187.00659202666105, 187.73919358928026, 194.6035628124894, 200.02987662159316, 204.21458073523445, 208.32399959299113, 211.95508038877145, 210.5954121077543, 213.37518511276616, 215.76759585942574, 217.9534484987144, 220.0012964358925, 221.44184035567875, 219.73919626012392, 220.91288012854537, 222.17945083978194, 223.3999450128572, 224.51539833304608, 225.5316180610429, 226.50731385566655, 225.0217443333423, 225.91383873875827, 226.83025149035188, 227.57048142389306, 228.30955820835248, 228.8471748564441, 229.32458985645107, 227.89703484364284, 228.50023562823273, 229.13473717015987, 229.75743430385705, 230.2865429518757, 230.71938169507132, 231.43077354571793, 230.28390532468114, 230.87470889353042, 231.3069898671201, 231.604575387173, 231.97034436102987, 232.1828044891982, 232.58204963741414, 231.5999617386387, 232.03341805885918, 232.4330367327336, 232.77842521991292, 233.14871454969997, 233.4474291101494, 232.54283632840085, 232.8320386080807, 233.1277719434057, 233.43108433015152, 233.80366448707488, 234.1685098301319, 233.20000313084205, 233.49496177254613, 233.8431030597503, 234.13324641684403, 234.31398707861615, 234.54977367132759, 234.75696865251956, 233.96669254357343, 234.31081167728044, 234.5157187005893, 234.7152676055572, 234.97620595049585, 235.23914220570524, 234.50206526712333, 234.80444822192962, 235.0413437067605, 235.22457354850062, 235.38039942989812, 235.5763217886247, 234.847778801104, 235.1017174385151, 235.22755230484097, 235.4409308441287, 235.661090803998, 235.88018350640078, 234.89946509354368, 232.38356943401965, 229.92700473663515, 227.5227793895627, 224.40452534596585, 222.11320896943144, 219.86858994437154, 217.668417375325, 214.81188243394783, 212.7108631073784, 210.6511034479695]}, "2threads": {"alltps": [1.0768460214664868, 41.97912395603121, 106.40767520561114, 139.79584164183632, 161.13443614511425, 175.1644466202327, 177.28637697395922, 185.83644575836288, 192.0869670905477, 197.34383071809992, 202.16768010470633, 206.48822220584663, 204.6790155776257, 207.78675048002626, 210.24976339340802, 212.3669589075745, 214.41256111367903, 216.72910144471177, 218.083282539147, 216.3914558420524, 217.96177524322744, 219.4781148925942, 221.01835620961793, 222.08041040435873, 222.97208090258445, 221.3634175551275, 222.248186599663, 223.12896347671185, 223.8823562764092, 224.74714309493484, 225.35088337578634, 226.02464215669886, 224.6421322280691, 225.31348019039723, 226.1273850833249, 226.68740759240225, 227.27027945321765, 227.77451058389178, 226.62455166046706, 227.24577440406833, 227.7354577132074, 228.16426535213702, 228.71943007751062, 229.28236637428117, 228.10206172980543, 228.50527480494785, 228.92817826123925, 229.39162169939803, 229.7296675273348, 230.13299210262733, 229.1225385388519, 229.47159598243243, 229.9787051515367, 230.2748841515416, 230.53191906307035, 230.9207482491476, 229.98150074678472, 230.39677512223943, 230.56376699026868, 230.88216747095547, 231.1255377338421, 231.31740520612664, 230.49534948975378, 230.84485374996535, 231.03637201009, 231.30489059762854, 231.67856882475328, 231.88313935891665, 231.09596930104246, 231.37093698262635, 231.6092833826887, 231.84389336201463, 232.1596183768091, 232.30314119614187, 231.62472868028934, 231.88216995356586, 232.17236281994224, 232.39495013793143, 232.7077025385487, 232.90992670923146, 232.23449789674092, 232.43925371286085, 232.73089540927114, 232.91647800113353, 233.07668157906699, 232.42422245595364, 229.96114624532512, 226.77425053988316, 224.43445561374287, 222.1423557978715, 219.8971274911986, 216.9815543350577, 214.83774640507573, 212.73683053273865, 210.67636215131552, 207.99889727493468]}, "3threads": {"alltps": [1.0788449515688388, 40.696270211761, 103.56931562872883, 138.99501549210822, 159.67986331620443, 174.58945528162548, 184.95397672702666, 186.04997876526576, 192.70946943393696, 198.34906467277884, 202.9233646171031, 206.75624577738526, 209.68067877939342, 207.9610793981265, 210.79863196577455, 213.00230569915126, 214.9911257550993, 216.95700379664427, 218.44898034735783, 216.36757925013418, 218.13886688681347, 219.45123488623676, 220.5886123626088, 221.39761355296577, 222.55486971274362, 223.63284868993082, 221.9653902134923, 222.8306005680193, 223.706361736478, 224.57447781418546, 225.423616857579, 226.2003044274547, 224.7435963208841, 225.49218696205725, 226.1371229759571, 226.77069543625575, 227.42989271200454, 227.93270787166318, 228.48381624081364, 227.43315822165255, 228.02677778592147, 228.4521362546067, 228.8862361948596, 229.45914786093127, 229.90883114015847, 228.7706456455209, 229.17080598344285, 229.62452524284234, 229.90773170704668, 230.4014974939043, 230.69622094106919, 231.2333008003477, 230.2452817311693, 230.59156506189254, 230.94102831632276, 231.2715718519566, 231.5142637728275, 231.5097042058249, 231.7483891871812, 230.9184423475646, 231.17908792588915, 231.46482492702313, 231.8348449539386, 232.06173504646085, 232.37737976502788, 231.63508296864538, 231.84026330249628, 232.03024116251063, 232.21862816797952, 232.39485993975214, 232.60319623350594, 232.832889060632, 232.14462968181215, 232.4114110717202, 232.65489711994945, 232.88869669095976, 233.0919826233406, 233.34295081549075, 232.65645200452806, 232.9385973628429, 233.15215461652437, 233.3068954696397, 233.46664942499007, 233.66458561085764, 232.8959433133681, 232.21086279674316, 229.75425731484677, 227.3534362286967, 225.00277528031268, 221.9510093731798, 219.70970593299594, 217.51366462968778, 215.36137211313354, 212.5646082109384, 210.5073339051371, 208.49011596645624]}, "4threads": {"alltps": [0.8144951996584909, 42.5592534664321, 106.04184605472668, 139.31118049367026, 159.75454031195025, 165.4871540212506, 176.0230077456818, 184.9847929209012, 191.00574860280895, 196.040598097786, 200.5008797836057, 199.2763662722421, 202.80566494732565, 205.87422515160637, 208.72973754336545, 211.0329731740821, 213.27373459492387, 211.6290541432493, 213.66889812289762, 215.45765810375093, 217.16983174918292, 218.55883259014888, 219.8975020431241, 218.41619256795647, 219.69550632377994, 220.56239061321725, 221.80785315785428, 222.78000559317172, 223.52993274205247, 222.14035786272606, 223.03612678453464, 223.58231776359997, 224.35081337984374, 224.98803067047615, 225.72970256117895, 226.32948317443422, 226.66029853448734, 225.41891998742156, 225.88407977118527, 226.26927662550585, 226.6447092611805, 226.87676019244975, 227.37377596727515, 227.73681483779987, 226.62352754213106, 227.1800857960627, 227.65410279385003, 227.95848575962307, 228.44812109116216, 228.80138128690618, 229.1294844493766, 228.25422446518567, 228.58634273507334, 229.01747171748923, 229.30012918481182, 229.64895070625772, 230.02672400773366, 229.21059461528682, 229.4958097127177, 229.81974706830502, 230.05152488738932, 230.37076314900762, 230.6595733279743, 230.84514468312497, 230.080079596819, 230.4241317016402, 230.65524559501299, 230.9316127017959, 231.14600601828155, 231.35573204348316, 230.5995982153839, 230.84017563105576, 231.1033797482834, 231.3145632995211, 231.52969546583972, 231.76839582873995, 231.0814236660285, 231.30490768052363, 231.54634116163183, 231.7510487212378, 231.9475449916865, 232.21766263959756, 232.38825288804895, 231.73362710672237, 231.9749868509712, 232.13792254769768, 229.7103019090175, 227.31001536061876, 224.19590766294803, 221.9090558670507, 219.66855835071073, 217.4732331998015, 214.6221818845416, 212.52522235413863, 210.46919992530232, 207.79614266717954, 205.8301427047473]}}